pipe_id,diameter_mm,length_m,manning_n,invert_level_us_m,invert_level_ds_m,clogging_factor
1,1200,1735.2,0.013,12.5,10.2,0.136
2,900,1735.2,0.013,10.3,8.0,0.171
3,600,1735.2,0.014,8.1,5.8,0.207
4,450,1735.2,0.014,5.9,3.6,0.243
5,1200,1735.2,0.013,3.7,1.4,0.279
6,900,1735.2,0.013,12.74,10.44,0.314
7,600,1735.2,0.014,10.54,8.24,0.1
8,450,1735.2,0.014,8.34,6.04,0.136
9,1200,1735.2,0.013,6.14,3.84,0.171
10,900,1735.2,0.013,3.94,1.64,0.207
11,600,1735.2,0.014,12.98,10.68,0.243
12,450,1735.2,0.014,10.78,8.48,0.279
13,1200,1735.2,0.013,8.58,6.28,0.314
14,900,1735.2,0.013,6.38,4.08,0.1
15,600,1735.2,0.014,4.18,1.88,0.136
16,450,1735.2,0.014,13.22,10.92,0.171
17,1200,1735.2,0.013,11.02,8.72,0.207
18,900,1735.2,0.013,8.82,6.52,0.243
19,600,1735.2,0.014,6.62,4.32,0.279
20,450,1735.2,0.014,4.42,2.12,0.314
21,1200,1735.2,0.013,13.46,11.16,0.1
22,900,1735.2,0.013,11.26,8.96,0.136
23,600,1735.2,0.014,9.06,6.76,0.171
24,450,1735.2,0.014,6.86,4.56,0.207
25,1200,1735.2,0.013,4.66,2.36,0.243
26,900,1735.2,0.013,13.7,11.4,0.279
27,600,1735.2,0.014,11.5,9.2,0.314
28,450,1735.2,0.014,9.3,7.0,0.1
29,1200,1735.2,0.013,7.1,4.8,0.136
30,900,1735.2,0.013,4.9,2.6,0.171
31,1200,1768.6,0.013,12.74,12.4,0.207
32,600,1768.6,0.014,12.98,12.64,0.243
33,1200,1768.6,0.013,13.22,12.88,0.279
34,600,1768.6,0.014,13.46,13.12,0.314
35,1200,1768.6,0.013,13.7,13.36,0.1
36,900,1768.6,0.013,10.54,10.2,0.136
37,450,1768.6,0.014,10.78,10.44,0.171
38,900,1768.6,0.013,11.02,10.68,0.207
39,450,1768.6,0.014,11.26,10.92,0.243
40,900,1768.6,0.013,11.5,11.16,0.279
41,600,1768.6,0.014,8.34,8.0,0.314
42,1200,1768.6,0.013,8.58,8.24,0.1
43,600,1768.6,0.014,8.82,8.48,0.136
44,1200,1768.6,0.013,9.06,8.72,0.171
45,600,1768.6,0.014,9.3,8.96,0.207
46,450,1768.6,0.014,6.14,5.8,0.243
47,900,1768.6,0.013,6.38,6.04,0.279
48,450,1768.6,0.014,6.62,6.28,0.314
49,900,1768.6,0.013,6.86,6.52,0.1
50,450,1768.6,0.014,7.1,6.76,0.136
51,1200,1768.6,0.013,3.94,3.6,0.171
52,600,1768.6,0.014,4.18,3.84,0.207
53,1200,1768.6,0.013,4.42,4.08,0.243
54,600,1768.6,0.014,4.66,4.32,0.279
55,1200,1768.6,0.013,4.9,4.56,0.314
56,900,1768.6,0.013,1.74,1.4,0.1
57,450,1768.6,0.014,1.98,1.64,0.136
58,900,1768.6,0.013,2.22,1.88,0.171
59,450,1768.6,0.014,2.46,2.12,0.207
60,900,1768.6,0.013,2.7,2.36,0.243
